,,loss,accuracy,mcc,precision,recall,auc,lenght
A,Train,0.441,0.85,0.702,0.88,0.812,0.838,13720
A,Val,0.608,0.743,0.486,0.756,0.712,0.839,6861
A,Test,0.617,0.736,0.472,0.743,0.705,0.839,2287
C,Train,0.436,0.933,0.863,0.923,0.947,0.85,627
C,Val,0.87,0.739,0.463,0.695,0.717,0.851,314
C,Test,0.787,0.733,0.469,0.76,0.704,0.85,105
D,Train,0.623,0.806,0.614,0.836,0.765,0.798,2643
D,Val,0.728,0.717,0.444,0.748,0.659,0.801,1322
D,Test,0.697,0.766,0.567,0.767,0.771,0.801,441
E,Train,0.349,0.948,0.896,0.949,0.948,0.851,3681
E,Val,0.718,0.726,0.452,0.703,0.739,0.853,1841
E,Test,0.728,0.73,0.459,0.729,0.741,0.852,614
F,Train,0.259,0.941,0.882,0.943,0.939,0.924,44173
F,Val,0.513,0.853,0.707,0.874,0.824,0.925,22086
F,Test,0.54,0.847,0.696,0.874,0.813,0.924,7363
G,Train,0.211,0.999,0.999,0.999,1.0,0.874,2846
G,Val,0.949,0.691,0.406,0.706,0.702,0.875,1423
G,Test,1.033,0.665,0.337,0.649,0.651,0.874,475
H,Train,0.318,0.949,0.895,0.963,0.931,0.878,3733
H,Val,0.668,0.758,0.516,0.765,0.743,0.88,1866
H,Test,0.699,0.767,0.538,0.764,0.759,0.879,623
I,Train,0.263,0.949,0.9,0.933,0.97,0.896,18769
I,Val,0.759,0.775,0.55,0.762,0.786,0.897,9384
I,Test,0.735,0.769,0.534,0.769,0.771,0.896,3129
K,Train,0.411,0.863,0.727,0.89,0.827,0.843,26274
K,Val,0.616,0.744,0.49,0.764,0.706,0.844,13137
K,Test,0.637,0.725,0.451,0.746,0.685,0.844,4379
L,Train,0.467,0.805,0.61,0.806,0.802,0.845,89947
L,Val,0.537,0.762,0.525,0.767,0.755,0.846,44973
L,Test,0.533,0.761,0.526,0.764,0.76,0.845,14992
M,Train,0.167,0.993,0.987,0.998,0.989,0.927,11060
M,Val,0.806,0.799,0.602,0.839,0.741,0.928,5530
M,Test,0.801,0.791,0.591,0.838,0.731,0.927,1844
N,Train,0.474,0.888,0.76,0.9,0.858,0.842,2700
N,Val,0.694,0.733,0.459,0.714,0.743,0.844,1350
N,Test,0.694,0.738,0.472,0.736,0.75,0.844,450
P,Train,0.49,0.872,0.746,0.907,0.833,0.791,3190
P,Val,0.742,0.677,0.35,0.689,0.606,0.794,1596
P,Test,0.734,0.688,0.425,0.772,0.608,0.793,532
Q,Train,0.23,1.0,0.999,1.0,0.999,0.86,2298
Q,Val,0.978,0.669,0.344,0.646,0.71,0.862,1149
Q,Test,0.965,0.715,0.429,0.705,0.701,0.861,383
R,Train,0.359,0.901,0.804,0.931,0.868,0.857,18544
R,Val,0.674,0.738,0.478,0.753,0.696,0.858,9273
R,Test,0.641,0.751,0.5,0.769,0.712,0.857,3091
S,Train,0.275,0.986,0.973,0.995,0.978,0.841,2810
S,Val,0.873,0.683,0.366,0.683,0.674,0.844,1405
S,Test,0.889,0.667,0.318,0.631,0.691,0.842,469
T,Train,0.521,0.851,0.702,0.858,0.844,0.775,2906
T,Val,0.751,0.673,0.351,0.653,0.688,0.778,1453
T,Test,0.767,0.674,0.346,0.693,0.613,0.778,485
V,Train,0.414,0.849,0.699,0.839,0.866,0.866,25412
V,Val,0.537,0.776,0.553,0.767,0.791,0.867,12706
V,Test,0.537,0.775,0.552,0.764,0.801,0.867,4236
W,Train,0.137,0.998,0.995,1.0,0.995,0.976,18466
W,Val,0.268,0.952,0.909,0.998,0.905,0.976,9234
W,Test,0.257,0.957,0.92,0.997,0.92,0.976,3078
Y,Train,0.239,0.952,0.906,0.974,0.929,0.937,45688
Y,Val,0.482,0.872,0.75,0.929,0.806,0.938,22845
Y,Test,0.476,0.873,0.752,0.924,0.81,0.937,7615
